id,name,model_id:id,group_id:id,perm_read,perm_write,perm_create,perm_unlink
graphql_alokai.access_invalidate_cache,access_invalidate_cache,graphql_alokai.model_invalidate_cache,base.group_user,1,1,1,1
access_website_menu_image_public,access_website_menu_image_public,model_website_menu_image,base.group_public,1,0,0,0
access_website_menu_image_portal,access_website_menu_image_portal,model_website_menu_image,base.group_portal,1,0,0,0
access_website_menu_image_user,access_website_menu_image_user,model_website_menu_image,base.group_user,1,0,0,0
access_website_menu_image_designer,access_website_menu_image_designer,graphql_alokai.model_website_menu_image,website.group_website_designer,1,1,1,1
access_product_template_fbt_group_public,access_product_template_fbt_group_public,graphql_alokai.model_product_template_fbt,base.group_public,1,0,0,0
access_product_template_fbt_group_portal,access_product_template_fbt_group_portal,graphql_alokai.model_product_template_fbt,base.group_portal,1,0,0,0
access_product_template_fbt_group_user,access_product_template_fbt_group_user,graphql_alokai.model_product_template_fbt,base.group_user,1,1,1,1
access_alokai_website_page_group_public,access_alokai_website_page_group_public,model_alokai_website_page,base.group_public,1,0,0,0
access_alokai_website_page_group_user,access_alokai_website_page_group_user,model_alokai_website_page,base.group_user,1,0,0,0
access_alokai_website_page_group_website_designer,access_alokai_website_page_group_website_designer,model_alokai_website_page,website.group_website_designer,1,1,1,1
graphql_alokai.access_product_product_redis_stock,access_product_product_redis_stock,graphql_alokai.model_product_product_redis_stock,base.group_user,1,1,1,1
graphql_alokai.access_product_template_redis_stock,access_product_template_redis_stock,graphql_alokai.model_product_template_redis_stock,base.group_user,1,1,1,1
graphql_alokai.access_alokai_page_revision_public,access_alokai_page_revision_public,graphql_alokai.model_alokai_page_revision,base.group_public,1,0,0,0
graphql_alokai.access_alokai_page_revision_portal,access_alokai_page_revision_portal,graphql_alokai.model_alokai_page_revision,base.group_portal,1,0,0,0
graphql_alokai.access_alokai_page_revision_user,access_alokai_page_revision_user,graphql_alokai.model_alokai_page_revision,base.group_user,1,0,0,0
graphql_alokai.access_alokai_page_revision_cms_editor,access_alokai_page_revision_cms_editor,graphql_alokai.model_alokai_page_revision,graphql_alokai.group_cms_editor,1,1,1,1
graphql_alokai.access_alokai_website_page_cms_editor,access_alokai_website_page_cms_editor,model_alokai_website_page,graphql_alokai.group_cms_editor,1,1,1,1
